{"chunk_definitions":[{"row":58,"row_count":1,"visible":true,"expansion_state":0,"options":{"engine":"r","label":"setup","include":false},"document_id":"5CCA4226","chunk_id":"csetup_chunk","chunk_label":"setup"},{"row":78,"row_count":1,"visible":true,"expansion_state":0,"options":{"engine":"r","echo":true,"label":"unnamed-chunk-5"},"document_id":"5CCA4226","chunk_id":"cczp0syek7b9j","chunk_label":"unnamed-chunk-1"},{"row":149,"row_count":1,"visible":true,"expansion_state":0,"options":{"engine":"r","echo":true,"label":"unnamed-chunk-10"},"document_id":"5CCA4226","chunk_id":"c0qrmgu3yor3t","chunk_label":"unnamed-chunk-3"}],"doc_write_time":1701184340,"working_dir":null,"default_chunk_options":{}}