{"chunk_definitions":[{"row":60,"row_count":1,"visible":true,"expansion_state":0,"options":{"engine":"r","label":"setup","include":false},"document_id":"5CCA4226","chunk_id":"csetup_chunk","chunk_label":"setup"},{"row":96,"row_count":1,"visible":true,"expansion_state":0,"options":{"engine":"r","echo":true,"eval":true,"label":"unnamed-chunk-41"},"document_id":"5CCA4226","chunk_id":"cvs1od0i5n0ub","chunk_label":"unnamed-chunk-2"},{"row":364,"row_count":1,"visible":true,"expansion_state":0,"options":{"engine":"r","label":"likertalterl4","fig.cap":"Experience of Ageing: Proportions of Answers - Stacked (df_alterl_balance)","echo":true},"document_id":"5546606A","chunk_id":"c8f6ppwy1bg00","chunk_label":"likertalterl4"}],"doc_write_time":1701257716}