{"chunk_definitions":[{"row":58,"row_count":1,"visible":true,"expansion_state":0,"options":{"engine":"r","label":"setup","include":false},"document_id":"5CCA4226","chunk_id":"csetup_chunk","chunk_label":"setup"},{"row":79,"row_count":1,"visible":true,"expansion_state":0,"options":{"engine":"r","echo":true,"eval":true,"label":"unnamed-chunk-8"},"document_id":"5CCA4226","chunk_id":"cvs1od0i5n0ub","chunk_label":"unnamed-chunk-1"},{"row":135,"row_count":1,"visible":true,"expansion_state":0,"options":{"engine":"r","echo":true,"label":"unnamed-chunk-13"},"document_id":"5CCA4226","chunk_id":"cm0sz2ppqo86m","chunk_label":"unnamed-chunk-3"},{"row":190,"row_count":1,"visible":true,"expansion_state":0,"options":{"engine":"r","label":"unnamed-chunk-1"},"document_id":"5CCA4226","chunk_id":"cl4qh835900yk","chunk_label":"unnamed-chunk-7"}],"doc_write_time":1701197921,"working_dir":null,"default_chunk_options":{}}